<ncs-pkg-build xmlns='http://tail-f.com/ns/ncs-pkg-build'>
    <date>2019-04-11 14:43:28</date>
    <file>ncs-5.1-cisco-ios-6.21.tar.gz</file>
    <type>release</type>
    <arch>linux.x86_64</arch>
    <java>compiled Java class data, version 51.0</java>
    <python></python>
    <erlang>20.3.8.19</erlang>
    <package>
        <name>cisco-ios-cli-6.21</name>
        <version>6.21</version>
        <ref>6.21</ref>
        <sha1>9aca3d0</sha1>
    </package>
    <ncs>
        <version>5.1</version>
        <sha1></sha1>
    </ncs>
    <dev-support>
        <version>1.0</version>
        <branch>270f126</branch>
        <sha1>270f126</sha1>
    </dev-support>
</ncs-pkg-build>
