{
  "nodes": {
  },
  "contexts": {
    "/": {
      "module": "cliparser-extensions-v11",
      "namespace": "http://tail-f.com/ned/cliparser_v11",
      "prefix": "cli",
      "module_meta": [],
      "imports": {
        
      },
      "extensions": {
        "shutdown-before-edit": {
          "substmts":
          [
            [ "cliparser-extensions-v11:direction",
              "to-device" ],
            [ "cliparser-extensions-v11:state",
              "post-match" ],
            [ "cliparser-extensions-v11:java-callback-method",
              "com.tailf.packages.ned.nedcom.NedComCliExtensions.shutdownBeforeEdit" ],
            [ "argument",
              "value" ]
          ]
        },
        "show-leaf-as-no": {
          "substmts":
          [
            [ "argument",
              "value" ],
            [ "cliparser-extensions-v11:direction",
              "both" ],
            [ "cliparser-extensions-v11:state",
              "pre-match" ],
            [ "cliparser-extensions-v11:java-callback-method",
              "com.tailf.packages.ned.nedcom.NedComCliExtensions.showLeafAsNo" ]
          ]
        },
        "replace-output": {
          "substmts":
          [
            [ "cliparser-extensions-v11:direction",
              "to-device" ],
            [ "cliparser-extensions-v11:state",
              "post-match" ],
            [ "cliparser-extensions-v11:java-callback-method",
              "com.tailf.packages.ned.nedcom.NedComCliExtensions.replaceOutput" ],
            [ "argument",
              "value" ]
          ]
        },
        "replace-input": {
          "substmts":
          [
            [ "cliparser-extensions-v11:direction",
              "from-device" ],
            [ "cliparser-extensions-v11:state",
              "pre-match" ],
            [ "cliparser-extensions-v11:java-callback-method",
              "com.tailf.packages.ned.nedcom.NedComCliExtensions.replaceInput" ],
            [ "argument",
              "value" ]
          ]
        },
        "no-value-on-delete": {
          "substmts":
          [
            [ "cliparser-extensions-v11:direction",
              "to-device" ],
            [ "cliparser-extensions-v11:state",
              "post-match" ],
            [ "cliparser-extensions-v11:java-callback-method",
              "com.tailf.packages.ned.nedcom.NedComCliExtensions.noValueOnDelete" ]
          ]
        },
        "no-name-on-delete": {
          "substmts":
          [
            [ "cliparser-extensions-v11:direction",
              "to-device" ],
            [ "cliparser-extensions-v11:state",
              "post-match" ],
            [ "cliparser-extensions-v11:java-callback-method",
              "com.tailf.packages.ned.nedcom.NedComCliExtensions.noNameOnDelete" ]
          ]
        },
        "globally-unique-value": {
          "substmts":
          [
            [ "cliparser-extensions-v11:direction",
              "to-device" ],
            [ "cliparser-extensions-v11:state",
              "post-match|parent-context-deleted" ],
            [ "cliparser-extensions-v11:java-callback-method",
              "com.tailf.packages.ned.nedcom.NedComCliExtensions.globallyUniqueValue" ],
            [ "argument",
              "value" ]
          ]
        },
        "context-value-inject": {
          "substmts":
          [
            [ "cliparser-extensions-v11:direction",
              "from-device" ],
            [ "cliparser-extensions-v11:state",
              "enter-context" ],
            [ "cliparser-extensions-v11:java-callback-method",
              "com.tailf.packages.ned.nedcom.NedComCliExtensions.contextValueInject" ],
            [ "argument",
              "value" ]
          ]
        }
      },
      "children": []
    }
  },
  "types": {
    
  }
}
