<?xml version="1.0"?>
<config xmlns="http://tail-f.com/ns/config/1.0">
  <tailfned xmlns="urn:ios">
    <police>cirmode</police>
  </tailfned>
  <aaa xmlns="urn:ios">
    <accounting>
      <delay-start/>
    </accounting>
  </aaa>
  <interface xmlns="urn:ios">
    <Loopback>
      <name>0</name>
      <ip>
        <address>
          <primary>
            <address>127.0.0.1</address>
            <mask>255.0.0.0</mask>
          </primary>
        </address>
      </ip>
    </Loopback>
    <Ethernet>
      <name>0/0/0</name>
      <ip>
        <no-address>
          <address>false</address>
        </no-address>
      </ip>
    </Ethernet>
    <FastEthernet>
      <name>0</name>
      <ip>
        <no-address>
          <address>false</address>
        </no-address>
      </ip>
    </FastEthernet>
    <FastEthernet>
      <name>0/0</name>
      <ip>
        <no-address>
          <address>false</address>
        </no-address>
      </ip>
    </FastEthernet>
    <FastEthernet>
      <name>1/0</name>
      <ip>
        <no-address>
          <address>false</address>
        </no-address>
      </ip>
    </FastEthernet>
    <FastEthernet>
      <name>1/1</name>
      <ip>
        <no-address>
          <address>false</address>
        </no-address>
      </ip>
    </FastEthernet>
    <GigabitEthernet>
      <name>0</name>
      <ip>
        <no-address>
          <address>false</address>
        </no-address>
      </ip>
    </GigabitEthernet>
    <GigabitEthernet>
      <name>0/0</name>
      <ip>
        <no-address>
          <address>false</address>
        </no-address>
      </ip>
    </GigabitEthernet>
    <GigabitEthernet>
      <name>0/1</name>
      <ip>
        <no-address>
          <address>false</address>
        </no-address>
      </ip>
    </GigabitEthernet>
  </interface>
  <ip xmlns="urn:ios">
    <http>
      <server>false</server>
      <secure-server>false</secure-server>
    </http>
    <finger/>
    <routing>true</routing>
    <source-route>true</source-route>
    <gratuitous-arps-conf>
      <gratuitous-arps>false</gratuitous-arps>
    </gratuitous-arps-conf>
  </ip>
</config>
